form,subjects,code,name,predicted_2025,trend,budget_places,chance_text,chance_prob,graph_path,historical_scores,user_score,analysis
Очно-бюджетная,"Математика, Информатика",38.03.05,,261,,0,🔴 Очень низкие,0.15,,,,"Прогноз: 261, Тренд: , Места: 0"
Очно-бюджетная,"Математика, Информатика",27.03.05,,238,,0,🟡 Средние,0.65,,,,"Прогноз: 238, Тренд: , Места: 0"
Очно-бюджетная,"Математика, Информатика",05.03.06,,166,,0,🟢 Высокие,0.85,,,,"Прогноз: 166, Тренд: , Места: 0"
Очно-бюджетная,"Математика, Обществознание",38.03.04,,261,,0,🔴 Очень низкие,0.15,,,,"Прогноз: 261, Тренд: , Места: 0"
Очно-бюджетная,"Математика, Обществознание",38.03.05,,261,,0,🔴 Очень низкие,0.15,,,,"Прогноз: 261, Тренд: , Места: 0"
Очно-бюджетная,"Математика, Обществознание",43.03.03,,260,,0,🔴 Очень низкие,0.15,,,,"Прогноз: 260, Тренд: , Места: 0"
Очно-бюджетная,"Математика, Обществознание",38.03.01,,257,,0,🔴 Очень низкие,0.15,,,,"Прогноз: 257, Тренд: , Места: 0"
Очно-бюджетная,"Математика, Обществознание",38.03.02,,256,,0,🔴 Очень низкие,0.15,,,,"Прогноз: 256, Тренд: , Места: 0"
Очно-бюджетная,"Математика, Обществознание",38.03.03,,253,,0,🔴 Очень низкие,0.15,,,,"Прогноз: 253, Тренд: , Места: 0"
Очно-бюджетная,"Математика, История",43.03.03,,260,,0,🔴 Очень низкие,0.15,,,,"Прогноз: 260, Тренд: , Места: 0"
Очно-бюджетная,"Математика, Биология",,НАПРАВЛЕНИЯ НЕ НАЙДЕНЫ,,,,,,,,,
Очно-бюджетная,"Математика, Химия",,НАПРАВЛЕНИЯ НЕ НАЙДЕНЫ,,,,,,,,,
Очно-бюджетная,"Математика, Физика",27.03.05,,238,,0,🟡 Средние,0.65,,,,"Прогноз: 238, Тренд: , Места: 0"
Очно-бюджетная,"Математика, География",05.03.06,,166,,0,🟢 Высокие,0.85,,,,"Прогноз: 166, Тренд: , Места: 0"
Очно-бюджетная,"Математика, Английский язык",38.03.04,,261,,0,🔴 Очень низкие,0.15,,,,"Прогноз: 261, Тренд: , Места: 0"
Очно-бюджетная,"Математика, Английский язык",43.03.03,,260,,0,🔴 Очень низкие,0.15,,,,"Прогноз: 260, Тренд: , Места: 0"
Очно-бюджетная,"Математика, Английский язык",38.03.01,,257,,0,🔴 Очень низкие,0.15,,,,"Прогноз: 257, Тренд: , Места: 0"
Очно-бюджетная,"Математика, Английский язык",38.03.02,,256,,0,🔴 Очень низкие,0.15,,,,"Прогноз: 256, Тренд: , Места: 0"
Очно-бюджетная,"Математика, Английский язык",38.03.03,,253,,0,🔴 Очень низкие,0.15,,,,"Прогноз: 253, Тренд: , Места: 0"
Очно-бюджетная,"Информатика, Обществознание",,НАПРАВЛЕНИЯ НЕ НАЙДЕНЫ,,,,,,,,,
Очно-бюджетная,"Информатика, История",,НАПРАВЛЕНИЯ НЕ НАЙДЕНЫ,,,,,,,,,
Очно-бюджетная,"Информатика, Биология",,НАПРАВЛЕНИЯ НЕ НАЙДЕНЫ,,,,,,,,,
Очно-бюджетная,"Информатика, Химия",,НАПРАВЛЕНИЯ НЕ НАЙДЕНЫ,,,,,,,,,
Очно-бюджетная,"Информатика, Физика",,НАПРАВЛЕНИЯ НЕ НАЙДЕНЫ,,,,,,,,,
Очно-бюджетная,"Информатика, География",,НАПРАВЛЕНИЯ НЕ НАЙДЕНЫ,,,,,,,,,
Очно-бюджетная,"Информатика, Английский язык",,НАПРАВЛЕНИЯ НЕ НАЙДЕНЫ,,,,,,,,,
Очно-бюджетная,"Обществознание, История",,НАПРАВЛЕНИЯ НЕ НАЙДЕНЫ,,,,,,,,,
Очно-бюджетная,"Обществознание, Биология",,НАПРАВЛЕНИЯ НЕ НАЙДЕНЫ,,,,,,,,,
Очно-бюджетная,"Обществознание, Химия",,НАПРАВЛЕНИЯ НЕ НАЙДЕНЫ,,,,,,,,,
Очно-бюджетная,"Обществознание, Физика",,НАПРАВЛЕНИЯ НЕ НАЙДЕНЫ,,,,,,,,,
Очно-бюджетная,"Обществознание, География",,НАПРАВЛЕНИЯ НЕ НАЙДЕНЫ,,,,,,,,,
Очно-бюджетная,"Обществознание, Английский язык",,НАПРАВЛЕНИЯ НЕ НАЙДЕНЫ,,,,,,,,,
Очно-бюджетная,"История, Биология",,НАПРАВЛЕНИЯ НЕ НАЙДЕНЫ,,,,,,,,,
Очно-бюджетная,"История, Химия",,НАПРАВЛЕНИЯ НЕ НАЙДЕНЫ,,,,,,,,,
Очно-бюджетная,"История, Физика",,НАПРАВЛЕНИЯ НЕ НАЙДЕНЫ,,,,,,,,,
Очно-бюджетная,"История, География",,НАПРАВЛЕНИЯ НЕ НАЙДЕНЫ,,,,,,,,,
Очно-бюджетная,"История, Английский язык",,НАПРАВЛЕНИЯ НЕ НАЙДЕНЫ,,,,,,,,,
Очно-бюджетная,"Биология, Химия",,НАПРАВЛЕНИЯ НЕ НАЙДЕНЫ,,,,,,,,,
Очно-бюджетная,"Биология, Физика",,НАПРАВЛЕНИЯ НЕ НАЙДЕНЫ,,,,,,,,,
Очно-бюджетная,"Биология, География",,НАПРАВЛЕНИЯ НЕ НАЙДЕНЫ,,,,,,,,,
Очно-бюджетная,"Биология, Английский язык",,НАПРАВЛЕНИЯ НЕ НАЙДЕНЫ,,,,,,,,,
Очно-бюджетная,"Химия, Физика",,НАПРАВЛЕНИЯ НЕ НАЙДЕНЫ,,,,,,,,,
Очно-бюджетная,"Химия, География",,НАПРАВЛЕНИЯ НЕ НАЙДЕНЫ,,,,,,,,,
Очно-бюджетная,"Химия, Английский язык",,НАПРАВЛЕНИЯ НЕ НАЙДЕНЫ,,,,,,,,,
Очно-бюджетная,"Физика, География",,НАПРАВЛЕНИЯ НЕ НАЙДЕНЫ,,,,,,,,,
Очно-бюджетная,"Физика, Английский язык",,НАПРАВЛЕНИЯ НЕ НАЙДЕНЫ,,,,,,,,,
Очно-бюджетная,"География, Английский язык",,НАПРАВЛЕНИЯ НЕ НАЙДЕНЫ,,,,,,,,,
Очно-платная,"Математика, Информатика",38.03.05,,261,,0,🔴 Очень низкие,0.15,,,,"Прогноз: 261, Тренд: , Места: 0"
Очно-платная,"Математика, Информатика",27.03.05,,238,,0,🟡 Средние,0.65,,,,"Прогноз: 238, Тренд: , Места: 0"
Очно-платная,"Математика, Информатика",05.03.06,,166,,0,🟢 Высокие,0.85,,,,"Прогноз: 166, Тренд: , Места: 0"
Очно-платная,"Математика, Обществознание",38.03.04,,261,,0,🔴 Очень низкие,0.15,,,,"Прогноз: 261, Тренд: , Места: 0"
Очно-платная,"Математика, Обществознание",38.03.05,,261,,0,🔴 Очень низкие,0.15,,,,"Прогноз: 261, Тренд: , Места: 0"
Очно-платная,"Математика, Обществознание",43.03.03,,260,,0,🔴 Очень низкие,0.15,,,,"Прогноз: 260, Тренд: , Места: 0"
Очно-платная,"Математика, Обществознание",38.03.01,,257,,0,🔴 Очень низкие,0.15,,,,"Прогноз: 257, Тренд: , Места: 0"
Очно-платная,"Математика, Обществознание",38.03.02,,256,,0,🔴 Очень низкие,0.15,,,,"Прогноз: 256, Тренд: , Места: 0"
Очно-платная,"Математика, Обществознание",38.03.03,,253,,0,🔴 Очень низкие,0.15,,,,"Прогноз: 253, Тренд: , Места: 0"
Очно-платная,"Математика, История",43.03.03,,260,,0,🔴 Очень низкие,0.15,,,,"Прогноз: 260, Тренд: , Места: 0"
Очно-платная,"Математика, Биология",,НАПРАВЛЕНИЯ НЕ НАЙДЕНЫ,,,,,,,,,
Очно-платная,"Математика, Химия",,НАПРАВЛЕНИЯ НЕ НАЙДЕНЫ,,,,,,,,,
Очно-платная,"Математика, Физика",27.03.05,,238,,0,🟡 Средние,0.65,,,,"Прогноз: 238, Тренд: , Места: 0"
Очно-платная,"Математика, География",05.03.06,,166,,0,🟢 Высокие,0.85,,,,"Прогноз: 166, Тренд: , Места: 0"
Очно-платная,"Математика, Английский язык",38.03.04,,261,,0,🔴 Очень низкие,0.15,,,,"Прогноз: 261, Тренд: , Места: 0"
Очно-платная,"Математика, Английский язык",43.03.03,,260,,0,🔴 Очень низкие,0.15,,,,"Прогноз: 260, Тренд: , Места: 0"
Очно-платная,"Математика, Английский язык",38.03.01,,257,,0,🔴 Очень низкие,0.15,,,,"Прогноз: 257, Тренд: , Места: 0"
Очно-платная,"Математика, Английский язык",38.03.02,,256,,0,🔴 Очень низкие,0.15,,,,"Прогноз: 256, Тренд: , Места: 0"
Очно-платная,"Математика, Английский язык",38.03.03,,253,,0,🔴 Очень низкие,0.15,,,,"Прогноз: 253, Тренд: , Места: 0"
Очно-платная,"Информатика, Обществознание",,НАПРАВЛЕНИЯ НЕ НАЙДЕНЫ,,,,,,,,,
Очно-платная,"Информатика, История",,НАПРАВЛЕНИЯ НЕ НАЙДЕНЫ,,,,,,,,,
Очно-платная,"Информатика, Биология",,НАПРАВЛЕНИЯ НЕ НАЙДЕНЫ,,,,,,,,,
Очно-платная,"Информатика, Химия",,НАПРАВЛЕНИЯ НЕ НАЙДЕНЫ,,,,,,,,,
Очно-платная,"Информатика, Физика",,НАПРАВЛЕНИЯ НЕ НАЙДЕНЫ,,,,,,,,,
Очно-платная,"Информатика, География",,НАПРАВЛЕНИЯ НЕ НАЙДЕНЫ,,,,,,,,,
Очно-платная,"Информатика, Английский язык",,НАПРАВЛЕНИЯ НЕ НАЙДЕНЫ,,,,,,,,,
Очно-платная,"Обществознание, История",,НАПРАВЛЕНИЯ НЕ НАЙДЕНЫ,,,,,,,,,
Очно-платная,"Обществознание, Биология",,НАПРАВЛЕНИЯ НЕ НАЙДЕНЫ,,,,,,,,,
Очно-платная,"Обществознание, Химия",,НАПРАВЛЕНИЯ НЕ НАЙДЕНЫ,,,,,,,,,
Очно-платная,"Обществознание, Физика",,НАПРАВЛЕНИЯ НЕ НАЙДЕНЫ,,,,,,,,,
Очно-платная,"Обществознание, География",,НАПРАВЛЕНИЯ НЕ НАЙДЕНЫ,,,,,,,,,
Очно-платная,"Обществознание, Английский язык",,НАПРАВЛЕНИЯ НЕ НАЙДЕНЫ,,,,,,,,,
Очно-платная,"История, Биология",,НАПРАВЛЕНИЯ НЕ НАЙДЕНЫ,,,,,,,,,
Очно-платная,"История, Химия",,НАПРАВЛЕНИЯ НЕ НАЙДЕНЫ,,,,,,,,,
Очно-платная,"История, Физика",,НАПРАВЛЕНИЯ НЕ НАЙДЕНЫ,,,,,,,,,
Очно-платная,"История, География",,НАПРАВЛЕНИЯ НЕ НАЙДЕНЫ,,,,,,,,,
Очно-платная,"История, Английский язык",,НАПРАВЛЕНИЯ НЕ НАЙДЕНЫ,,,,,,,,,
Очно-платная,"Биология, Химия",,НАПРАВЛЕНИЯ НЕ НАЙДЕНЫ,,,,,,,,,
Очно-платная,"Биология, Физика",,НАПРАВЛЕНИЯ НЕ НАЙДЕНЫ,,,,,,,,,
Очно-платная,"Биология, География",,НАПРАВЛЕНИЯ НЕ НАЙДЕНЫ,,,,,,,,,
Очно-платная,"Биология, Английский язык",,НАПРАВЛЕНИЯ НЕ НАЙДЕНЫ,,,,,,,,,
Очно-платная,"Химия, Физика",,НАПРАВЛЕНИЯ НЕ НАЙДЕНЫ,,,,,,,,,
Очно-платная,"Химия, География",,НАПРАВЛЕНИЯ НЕ НАЙДЕНЫ,,,,,,,,,
Очно-платная,"Химия, Английский язык",,НАПРАВЛЕНИЯ НЕ НАЙДЕНЫ,,,,,,,,,
Очно-платная,"Физика, География",,НАПРАВЛЕНИЯ НЕ НАЙДЕНЫ,,,,,,,,,
Очно-платная,"Физика, Английский язык",,НАПРАВЛЕНИЯ НЕ НАЙДЕНЫ,,,,,,,,,
Очно-платная,"География, Английский язык",,НАПРАВЛЕНИЯ НЕ НАЙДЕНЫ,,,,,,,,,
Заочно-бюджетная,"Математика, Информатика",38.03.05,,261,,0,🔴 Очень низкие,0.15,,,,"Прогноз: 261, Тренд: , Места: 0"
Заочно-бюджетная,"Математика, Информатика",27.03.05,,238,,0,🟡 Средние,0.65,,,,"Прогноз: 238, Тренд: , Места: 0"
Заочно-бюджетная,"Математика, Информатика",05.03.06,,166,,0,🟢 Высокие,0.85,,,,"Прогноз: 166, Тренд: , Места: 0"
Заочно-бюджетная,"Математика, Обществознание",38.03.04,,261,,0,🔴 Очень низкие,0.15,,,,"Прогноз: 261, Тренд: , Места: 0"
Заочно-бюджетная,"Математика, Обществознание",38.03.05,,261,,0,🔴 Очень низкие,0.15,,,,"Прогноз: 261, Тренд: , Места: 0"
Заочно-бюджетная,"Математика, Обществознание",43.03.03,,260,,0,🔴 Очень низкие,0.15,,,,"Прогноз: 260, Тренд: , Места: 0"
Заочно-бюджетная,"Математика, Обществознание",38.03.01,,257,,0,🔴 Очень низкие,0.15,,,,"Прогноз: 257, Тренд: , Места: 0"
Заочно-бюджетная,"Математика, Обществознание",38.03.02,,256,,0,🔴 Очень низкие,0.15,,,,"Прогноз: 256, Тренд: , Места: 0"
Заочно-бюджетная,"Математика, Обществознание",38.03.03,,253,,0,🔴 Очень низкие,0.15,,,,"Прогноз: 253, Тренд: , Места: 0"
Заочно-бюджетная,"Математика, История",43.03.03,,260,,0,🔴 Очень низкие,0.15,,,,"Прогноз: 260, Тренд: , Места: 0"
Заочно-бюджетная,"Математика, Биология",,НАПРАВЛЕНИЯ НЕ НАЙДЕНЫ,,,,,,,,,
Заочно-бюджетная,"Математика, Химия",,НАПРАВЛЕНИЯ НЕ НАЙДЕНЫ,,,,,,,,,
Заочно-бюджетная,"Математика, Физика",27.03.05,,238,,0,🟡 Средние,0.65,,,,"Прогноз: 238, Тренд: , Места: 0"
Заочно-бюджетная,"Математика, География",05.03.06,,166,,0,🟢 Высокие,0.85,,,,"Прогноз: 166, Тренд: , Места: 0"
Заочно-бюджетная,"Математика, Английский язык",38.03.04,,261,,0,🔴 Очень низкие,0.15,,,,"Прогноз: 261, Тренд: , Места: 0"
Заочно-бюджетная,"Математика, Английский язык",43.03.03,,260,,0,🔴 Очень низкие,0.15,,,,"Прогноз: 260, Тренд: , Места: 0"
Заочно-бюджетная,"Математика, Английский язык",38.03.01,,257,,0,🔴 Очень низкие,0.15,,,,"Прогноз: 257, Тренд: , Места: 0"
Заочно-бюджетная,"Математика, Английский язык",38.03.02,,256,,0,🔴 Очень низкие,0.15,,,,"Прогноз: 256, Тренд: , Места: 0"
Заочно-бюджетная,"Математика, Английский язык",38.03.03,,253,,0,🔴 Очень низкие,0.15,,,,"Прогноз: 253, Тренд: , Места: 0"
Заочно-бюджетная,"Информатика, Обществознание",,НАПРАВЛЕНИЯ НЕ НАЙДЕНЫ,,,,,,,,,
Заочно-бюджетная,"Информатика, История",,НАПРАВЛЕНИЯ НЕ НАЙДЕНЫ,,,,,,,,,
Заочно-бюджетная,"Информатика, Биология",,НАПРАВЛЕНИЯ НЕ НАЙДЕНЫ,,,,,,,,,
Заочно-бюджетная,"Информатика, Химия",,НАПРАВЛЕНИЯ НЕ НАЙДЕНЫ,,,,,,,,,
Заочно-бюджетная,"Информатика, Физика",,НАПРАВЛЕНИЯ НЕ НАЙДЕНЫ,,,,,,,,,
Заочно-бюджетная,"Информатика, География",,НАПРАВЛЕНИЯ НЕ НАЙДЕНЫ,,,,,,,,,
Заочно-бюджетная,"Информатика, Английский язык",,НАПРАВЛЕНИЯ НЕ НАЙДЕНЫ,,,,,,,,,
Заочно-бюджетная,"Обществознание, История",,НАПРАВЛЕНИЯ НЕ НАЙДЕНЫ,,,,,,,,,
Заочно-бюджетная,"Обществознание, Биология",,НАПРАВЛЕНИЯ НЕ НАЙДЕНЫ,,,,,,,,,
Заочно-бюджетная,"Обществознание, Химия",,НАПРАВЛЕНИЯ НЕ НАЙДЕНЫ,,,,,,,,,
Заочно-бюджетная,"Обществознание, Физика",,НАПРАВЛЕНИЯ НЕ НАЙДЕНЫ,,,,,,,,,
Заочно-бюджетная,"Обществознание, География",,НАПРАВЛЕНИЯ НЕ НАЙДЕНЫ,,,,,,,,,
Заочно-бюджетная,"Обществознание, Английский язык",,НАПРАВЛЕНИЯ НЕ НАЙДЕНЫ,,,,,,,,,
Заочно-бюджетная,"История, Биология",,НАПРАВЛЕНИЯ НЕ НАЙДЕНЫ,,,,,,,,,
Заочно-бюджетная,"История, Химия",,НАПРАВЛЕНИЯ НЕ НАЙДЕНЫ,,,,,,,,,
Заочно-бюджетная,"История, Физика",,НАПРАВЛЕНИЯ НЕ НАЙДЕНЫ,,,,,,,,,
Заочно-бюджетная,"История, География",,НАПРАВЛЕНИЯ НЕ НАЙДЕНЫ,,,,,,,,,
Заочно-бюджетная,"История, Английский язык",,НАПРАВЛЕНИЯ НЕ НАЙДЕНЫ,,,,,,,,,
Заочно-бюджетная,"Биология, Химия",,НАПРАВЛЕНИЯ НЕ НАЙДЕНЫ,,,,,,,,,
Заочно-бюджетная,"Биология, Физика",,НАПРАВЛЕНИЯ НЕ НАЙДЕНЫ,,,,,,,,,
Заочно-бюджетная,"Биология, География",,НАПРАВЛЕНИЯ НЕ НАЙДЕНЫ,,,,,,,,,
Заочно-бюджетная,"Биология, Английский язык",,НАПРАВЛЕНИЯ НЕ НАЙДЕНЫ,,,,,,,,,
Заочно-бюджетная,"Химия, Физика",,НАПРАВЛЕНИЯ НЕ НАЙДЕНЫ,,,,,,,,,
Заочно-бюджетная,"Химия, География",,НАПРАВЛЕНИЯ НЕ НАЙДЕНЫ,,,,,,,,,
Заочно-бюджетная,"Химия, Английский язык",,НАПРАВЛЕНИЯ НЕ НАЙДЕНЫ,,,,,,,,,
Заочно-бюджетная,"Физика, География",,НАПРАВЛЕНИЯ НЕ НАЙДЕНЫ,,,,,,,,,
Заочно-бюджетная,"Физика, Английский язык",,НАПРАВЛЕНИЯ НЕ НАЙДЕНЫ,,,,,,,,,
Заочно-бюджетная,"География, Английский язык",,НАПРАВЛЕНИЯ НЕ НАЙДЕНЫ,,,,,,,,,
Заочно-платная,"Математика, Информатика",38.03.05,,261,,0,🔴 Очень низкие,0.15,,,,"Прогноз: 261, Тренд: , Места: 0"
Заочно-платная,"Математика, Информатика",27.03.05,,238,,0,🟡 Средние,0.65,,,,"Прогноз: 238, Тренд: , Места: 0"
Заочно-платная,"Математика, Информатика",05.03.06,,166,,0,🟢 Высокие,0.85,,,,"Прогноз: 166, Тренд: , Места: 0"
Заочно-платная,"Математика, Обществознание",38.03.04,,261,,0,🔴 Очень низкие,0.15,,,,"Прогноз: 261, Тренд: , Места: 0"
Заочно-платная,"Математика, Обществознание",38.03.05,,261,,0,🔴 Очень низкие,0.15,,,,"Прогноз: 261, Тренд: , Места: 0"
Заочно-платная,"Математика, Обществознание",43.03.03,,260,,0,🔴 Очень низкие,0.15,,,,"Прогноз: 260, Тренд: , Места: 0"
Заочно-платная,"Математика, Обществознание",38.03.01,,257,,0,🔴 Очень низкие,0.15,,,,"Прогноз: 257, Тренд: , Места: 0"
Заочно-платная,"Математика, Обществознание",38.03.02,,256,,0,🔴 Очень низкие,0.15,,,,"Прогноз: 256, Тренд: , Места: 0"
Заочно-платная,"Математика, Обществознание",38.03.03,,253,,0,🔴 Очень низкие,0.15,,,,"Прогноз: 253, Тренд: , Места: 0"
Заочно-платная,"Математика, История",43.03.03,,260,,0,🔴 Очень низкие,0.15,,,,"Прогноз: 260, Тренд: , Места: 0"
Заочно-платная,"Математика, Биология",,НАПРАВЛЕНИЯ НЕ НАЙДЕНЫ,,,,,,,,,
Заочно-платная,"Математика, Химия",,НАПРАВЛЕНИЯ НЕ НАЙДЕНЫ,,,,,,,,,
Заочно-платная,"Математика, Физика",27.03.05,,238,,0,🟡 Средние,0.65,,,,"Прогноз: 238, Тренд: , Места: 0"
Заочно-платная,"Математика, География",05.03.06,,166,,0,🟢 Высокие,0.85,,,,"Прогноз: 166, Тренд: , Места: 0"
Заочно-платная,"Математика, Английский язык",38.03.04,,261,,0,🔴 Очень низкие,0.15,,,,"Прогноз: 261, Тренд: , Места: 0"
Заочно-платная,"Математика, Английский язык",43.03.03,,260,,0,🔴 Очень низкие,0.15,,,,"Прогноз: 260, Тренд: , Места: 0"
Заочно-платная,"Математика, Английский язык",38.03.01,,257,,0,🔴 Очень низкие,0.15,,,,"Прогноз: 257, Тренд: , Места: 0"
Заочно-платная,"Математика, Английский язык",38.03.02,,256,,0,🔴 Очень низкие,0.15,,,,"Прогноз: 256, Тренд: , Места: 0"
Заочно-платная,"Математика, Английский язык",38.03.03,,253,,0,🔴 Очень низкие,0.15,,,,"Прогноз: 253, Тренд: , Места: 0"
Заочно-платная,"Информатика, Обществознание",,НАПРАВЛЕНИЯ НЕ НАЙДЕНЫ,,,,,,,,,
Заочно-платная,"Информатика, История",,НАПРАВЛЕНИЯ НЕ НАЙДЕНЫ,,,,,,,,,
Заочно-платная,"Информатика, Биология",,НАПРАВЛЕНИЯ НЕ НАЙДЕНЫ,,,,,,,,,
Заочно-платная,"Информатика, Химия",,НАПРАВЛЕНИЯ НЕ НАЙДЕНЫ,,,,,,,,,
Заочно-платная,"Информатика, Физика",,НАПРАВЛЕНИЯ НЕ НАЙДЕНЫ,,,,,,,,,
Заочно-платная,"Информатика, География",,НАПРАВЛЕНИЯ НЕ НАЙДЕНЫ,,,,,,,,,
Заочно-платная,"Информатика, Английский язык",,НАПРАВЛЕНИЯ НЕ НАЙДЕНЫ,,,,,,,,,
Заочно-платная,"Обществознание, История",,НАПРАВЛЕНИЯ НЕ НАЙДЕНЫ,,,,,,,,,
Заочно-платная,"Обществознание, Биология",,НАПРАВЛЕНИЯ НЕ НАЙДЕНЫ,,,,,,,,,
Заочно-платная,"Обществознание, Химия",,НАПРАВЛЕНИЯ НЕ НАЙДЕНЫ,,,,,,,,,
Заочно-платная,"Обществознание, Физика",,НАПРАВЛЕНИЯ НЕ НАЙДЕНЫ,,,,,,,,,
Заочно-платная,"Обществознание, География",,НАПРАВЛЕНИЯ НЕ НАЙДЕНЫ,,,,,,,,,
Заочно-платная,"Обществознание, Английский язык",,НАПРАВЛЕНИЯ НЕ НАЙДЕНЫ,,,,,,,,,
Заочно-платная,"История, Биология",,НАПРАВЛЕНИЯ НЕ НАЙДЕНЫ,,,,,,,,,
Заочно-платная,"История, Химия",,НАПРАВЛЕНИЯ НЕ НАЙДЕНЫ,,,,,,,,,
Заочно-платная,"История, Физика",,НАПРАВЛЕНИЯ НЕ НАЙДЕНЫ,,,,,,,,,
Заочно-платная,"История, География",,НАПРАВЛЕНИЯ НЕ НАЙДЕНЫ,,,,,,,,,
Заочно-платная,"История, Английский язык",,НАПРАВЛЕНИЯ НЕ НАЙДЕНЫ,,,,,,,,,
Заочно-платная,"Биология, Химия",,НАПРАВЛЕНИЯ НЕ НАЙДЕНЫ,,,,,,,,,
Заочно-платная,"Биология, Физика",,НАПРАВЛЕНИЯ НЕ НАЙДЕНЫ,,,,,,,,,
Заочно-платная,"Биология, География",,НАПРАВЛЕНИЯ НЕ НАЙДЕНЫ,,,,,,,,,
Заочно-платная,"Биология, Английский язык",,НАПРАВЛЕНИЯ НЕ НАЙДЕНЫ,,,,,,,,,
Заочно-платная,"Химия, Физика",,НАПРАВЛЕНИЯ НЕ НАЙДЕНЫ,,,,,,,,,
Заочно-платная,"Химия, География",,НАПРАВЛЕНИЯ НЕ НАЙДЕНЫ,,,,,,,,,
Заочно-платная,"Химия, Английский язык",,НАПРАВЛЕНИЯ НЕ НАЙДЕНЫ,,,,,,,,,
Заочно-платная,"Физика, География",,НАПРАВЛЕНИЯ НЕ НАЙДЕНЫ,,,,,,,,,
Заочно-платная,"Физика, Английский язык",,НАПРАВЛЕНИЯ НЕ НАЙДЕНЫ,,,,,,,,,
Заочно-платная,"География, Английский язык",,НАПРАВЛЕНИЯ НЕ НАЙДЕНЫ,,,,,,,,,
